{
  "advance_answer_only_source_packet": false,
  "audit": "source_dropping_memory_matched_comparison_v1",
  "by_chunk": {
    "1": {
      "control_max_accuracy": 0.09375,
      "controls": {
        "m0_no_slot": {
          "accuracy": 0.03125,
          "cases": 64,
          "correct": 2
        },
        "m1_shuffled_source": {
          "accuracy": 0.09375,
          "cases": 64,
          "correct": 6
        },
        "m1_zero_packet": {
          "accuracy": 0.015625,
          "cases": 64,
          "correct": 1
        }
      },
      "m1_normal": {
        "accuracy": 0.09375,
        "cases": 64,
        "correct": 6
      },
      "normal_margin": 0.0
    },
    "2": {
      "control_max_accuracy": 0.027777777777777776,
      "controls": {
        "m0_no_slot": {
          "accuracy": 0.027777777777777776,
          "cases": 108,
          "correct": 3
        },
        "m1_shuffled_source": {
          "accuracy": 0.009259259259259259,
          "cases": 108,
          "correct": 1
        },
        "m1_zero_packet": {
          "accuracy": 0.009259259259259259,
          "cases": 108,
          "correct": 1
        }
      },
      "m1_normal": {
        "accuracy": 0.009259259259259259,
        "cases": 108,
        "correct": 1
      },
      "normal_margin": -0.018518518518518517
    },
    "3": {
      "control_max_accuracy": 0.01904761904761905,
      "controls": {
        "m0_no_slot": {
          "accuracy": 0.01904761904761905,
          "cases": 105,
          "correct": 2
        },
        "m1_shuffled_source": {
          "accuracy": 0.009523809523809525,
          "cases": 105,
          "correct": 1
        },
        "m1_zero_packet": {
          "accuracy": 0.0,
          "cases": 105,
          "correct": 0
        }
      },
      "m1_normal": {
        "accuracy": 0.0380952380952381,
        "cases": 105,
        "correct": 4
      },
      "normal_margin": 0.01904761904761905
    },
    "4": {
      "control_max_accuracy": 0.019417475728155338,
      "controls": {
        "m0_no_slot": {
          "accuracy": 0.019417475728155338,
          "cases": 103,
          "correct": 2
        },
        "m1_shuffled_source": {
          "accuracy": 0.019417475728155338,
          "cases": 103,
          "correct": 2
        },
        "m1_zero_packet": {
          "accuracy": 0.009708737864077669,
          "cases": 103,
          "correct": 1
        }
      },
      "m1_normal": {
        "accuracy": 0.0,
        "cases": 103,
        "correct": 0
      },
      "normal_margin": -0.019417475728155338
    },
    "5": {
      "control_max_accuracy": 0.014084507042253521,
      "controls": {
        "m0_no_slot": {
          "accuracy": 0.014084507042253521,
          "cases": 71,
          "correct": 1
        },
        "m1_shuffled_source": {
          "accuracy": 0.0,
          "cases": 71,
          "correct": 0
        },
        "m1_zero_packet": {
          "accuracy": 0.0,
          "cases": 71,
          "correct": 0
        }
      },
      "m1_normal": {
        "accuracy": 0.0,
        "cases": 71,
        "correct": 0
      },
      "normal_margin": -0.014084507042253521
    },
    "6": {
      "control_max_accuracy": 0.011494252873563218,
      "controls": {
        "m0_no_slot": {
          "accuracy": 0.011494252873563218,
          "cases": 87,
          "correct": 1
        },
        "m1_shuffled_source": {
          "accuracy": 0.011494252873563218,
          "cases": 87,
          "correct": 1
        },
        "m1_zero_packet": {
          "accuracy": 0.0,
          "cases": 87,
          "correct": 0
        }
      },
      "m1_normal": {
        "accuracy": 0.034482758620689655,
        "cases": 87,
        "correct": 3
      },
      "normal_margin": 0.022988505747126436
    },
    "7": {
      "control_max_accuracy": 0.03125,
      "controls": {
        "m0_no_slot": {
          "accuracy": 0.0,
          "cases": 32,
          "correct": 0
        },
        "m1_shuffled_source": {
          "accuracy": 0.03125,
          "cases": 32,
          "correct": 1
        },
        "m1_zero_packet": {
          "accuracy": 0.0,
          "cases": 32,
          "correct": 0
        }
      },
      "m1_normal": {
        "accuracy": 0.03125,
        "cases": 32,
        "correct": 1
      },
      "normal_margin": 0.0
    },
    "8": {
      "control_max_accuracy": 0.01639344262295082,
      "controls": {
        "m0_no_slot": {
          "accuracy": 0.0,
          "cases": 61,
          "correct": 0
        },
        "m1_shuffled_source": {
          "accuracy": 0.0,
          "cases": 61,
          "correct": 0
        },
        "m1_zero_packet": {
          "accuracy": 0.01639344262295082,
          "cases": 61,
          "correct": 1
        }
      },
      "m1_normal": {
        "accuracy": 0.01639344262295082,
        "cases": 61,
        "correct": 1
      },
      "normal_margin": 0.0
    }
  },
  "by_query_kind": {
    "difference": {
      "control_max_accuracy": 0.04,
      "controls": {
        "m0_no_slot": {
          "accuracy": 0.04,
          "cases": 100,
          "correct": 4
        },
        "m1_shuffled_source": {
          "accuracy": 0.03,
          "cases": 100,
          "correct": 3
        },
        "m1_zero_packet": {
          "accuracy": 0.02,
          "cases": 100,
          "correct": 2
        }
      },
      "m1_normal": {
        "accuracy": 0.02,
        "cases": 100,
        "correct": 2
      },
      "normal_margin": -0.02
    },
    "read_left": {
      "control_max_accuracy": 0.014084507042253521,
      "controls": {
        "m0_no_slot": {
          "accuracy": 0.014084507042253521,
          "cases": 355,
          "correct": 5
        },
        "m1_shuffled_source": {
          "accuracy": 0.008450704225352112,
          "cases": 355,
          "correct": 3
        },
        "m1_zero_packet": {
          "accuracy": 0.0028169014084507044,
          "cases": 355,
          "correct": 1
        }
      },
      "m1_normal": {
        "accuracy": 0.014084507042253521,
        "cases": 355,
        "correct": 5
      },
      "normal_margin": 0.0
    },
    "read_right": {
      "control_max_accuracy": 0.022222222222222223,
      "controls": {
        "m0_no_slot": {
          "accuracy": 0.022222222222222223,
          "cases": 90,
          "correct": 2
        },
        "m1_shuffled_source": {
          "accuracy": 0.011111111111111112,
          "cases": 90,
          "correct": 1
        },
        "m1_zero_packet": {
          "accuracy": 0.011111111111111112,
          "cases": 90,
          "correct": 1
        }
      },
      "m1_normal": {
        "accuracy": 0.03333333333333333,
        "cases": 90,
        "correct": 3
      },
      "normal_margin": 0.01111111111111111
    },
    "sum": {
      "control_max_accuracy": 0.05813953488372093,
      "controls": {
        "m0_no_slot": {
          "accuracy": 0.0,
          "cases": 86,
          "correct": 0
        },
        "m1_shuffled_source": {
          "accuracy": 0.05813953488372093,
          "cases": 86,
          "correct": 5
        },
        "m1_zero_packet": {
          "accuracy": 0.0,
          "cases": 86,
          "correct": 0
        }
      },
      "m1_normal": {
        "accuracy": 0.06976744186046512,
        "cases": 86,
        "correct": 6
      },
      "normal_margin": 0.011627906976744186
    }
  },
  "by_regime": {
    "fit_iid": {
      "control_max_accuracy": 0.031746031746031744,
      "controls": {
        "m0_no_slot": {
          "accuracy": 0.031746031746031744,
          "cases": 126,
          "correct": 4
        },
        "m1_shuffled_source": {
          "accuracy": 0.023809523809523808,
          "cases": 126,
          "correct": 3
        },
        "m1_zero_packet": {
          "accuracy": 0.007936507936507936,
          "cases": 126,
          "correct": 1
        }
      },