{"alpha_invariance_recomputed_from_evidence":{"binding_pointer":{"exact":8000,"rate":1.0,"rows":8000},"cardinality":{"exact":8000,"rate":1.0,"rows":8000},"complete":{"exact":8000,"rate":1.0,"rows":8000},"events":{"exact":8000,"rate":1.0,"rows":8000},"halt":{"exact":8000,"rate":1.0,"rows":8000},"initial":{"exact":8000,"rate":1.0,"rows":8000},"initial_pointer":{"exact":8000,"rate":1.0,"rows":8000},"line_pointer":{"exact":8000,"rate":1.0,"rows":8000},"query":{"exact":8000,"rate":1.0,"rows":8000},"query_pointer":{"exact":8000,"rate":1.0,"rows":8000},"relations":{"exact":8000,"rate":1.0,"rows":8000},"rule_active":{"exact":8000,"rate":1.0,"rows":8000},"witness_pointer":{"exact":8000,"rate":1.0,"rows":8000}},"artifact_sha256":{"compiler.pt":"e93bb4cff5f316616c7a02bce272112acf454f42f56f8b4ea07ffac6074318a2","train_probe_evidence.pt":"11d931b37ad854de9976015fc1ff38522da0812776ad67ea7d408d43820889c6","train_probe_report.json":"87ea12a28cfaf82c4556f1730da6778cf63df9e5c2ad3df8b09a86613786ccca"},"committed_source_files_verified":33,"common_initial_trainable_state_sha256":"0cd21dcf3b4bf0f7a741ad9369535ff8157074a4c0653e93b12d6cb119e5b8be","conclusion":"The immutable run is a valid negative result. The deterministic address table was learned, but soft residual identity transport remained far below the frozen absolute and minimum-cardinality gates. Do not open a fresh board or tune this route.","control_overall":{"baseline":{"answer":{"correct":4724,"rate":0.590499997138977,"rows":8000},"events":{"correct":7441,"rate":0.9301249980926514,"rows":8000},"packet":{"correct":1031,"rate":0.1288750022649765,"rows":8000},"relation_rows":{"correct":1037,"rate":0.12962499260902405,"rows":8000},"state":{"correct":3038,"rate":0.37975001335144043,"rows":8000},"witness_pointer":{"correct":937,"rate":0.1171249970793724,"rows":8000}},"shuffled_address":{"answer":{"correct":5055,"rate":0.6318749785423279,"rows":8000},"events":{"correct":8000,"rate":1.0,"rows":8000},"packet":{"correct":452,"rate":0.05649999901652336,"rows":8000},"relation_rows":{"correct":452,"rate":0.05649999901652336,"rows":8000},"state":{"correct":3253,"rate":0.40662500262260437,"rows":8000},"witness_pointer":{"correct":23,"rate":0.0028750000055879354,"rows":8000}},"structural_only":{"answer":{"correct":4672,"rate":0.5839999914169312,"rows":8000},"events":{"correct":7392,"rate":0.9240000247955322,"rows":8000},"packet":{"correct":100,"rate":0.012500000186264515,"rows":8000},"relation_rows":{"correct":100,"rate":0.012500000186264515,"rows":8000},"state":{"correct":2880,"rate":0.36000001430511475,"rows":8000},"witness_pointer":{"correct":7364,"rate":0.9204999804496765,"rows":8000}}},"custody":{"confirmation_accesses":0,"development_accesses":0,"train_only_probe_accesses":1},"decision":"reject_factorized_witness_before_fresh_board","fit_seed":746651095578902126,"frozen_parent_digest":"f4911091f0c789f9dc501e99fcc4b9861ba00400771333c4a508699f2ce29700","grammar_address_diagnostic":{"baseline":{"correct":0,"gate_l2":0.0,"predicted_ordinals_by_cardinality":{"3":[0,0,0,0,0,0],"4":[0,0,0,0,0,0,0,0],"5":[0,0,0,0,0,0,0,0,0,0],"6":[0,0,0,0,0,0,0,0,0,0,0,0]},"rate":0.0,"rows":36,"table_l2":0.9640772342681885},"shuffled_address":{"correct":10,"gate_l2":0.5906808376312256,"predicted_ordinals_by_cardinality":{"3":[4,4,5,4,5,1],"4":[2,2,7,3,7,7,2,4],"5":[3,6,5,7,5,6,7,8,4,4],"6":[4,4,3,4,6,8,7,9,0,1,0,3]},"rate":0.2777777777777778,"rows":36,"table_l2":1.6066938638687134},"structural_only":{"correct":36,"gate_l2":0.8210946321487427,"predicted_ordinals_by_cardinality":{"3":[1,2,3,4,5,6],"4":[1,2,3,4,5,6,7,8],"5":[1,2,3,4,5,6,7,8,9,10],"6":[1,2,3,4,5,6,7,8,9,10,11,12]},"rate":1.0,"rows":36,"table_l2":4.201530933380127},"treatment":{"correct":36,"gate_l2":0.7896236181259155,"predicted_ordinals_by_cardinality":{"3":[1,2,3,4,5,6],"4":[1,2,3,4,5,6,7,8],"5":[1,2,3,4,5,6,7,8,9,10],"6":[1,2,3,4,5,6,7,8,9,10,11,12]},"rate":1.0,"rows":36,"table_l2":3.5994770526885986}},"limitations":["No ER-TT board row or scored split was read by this audit.","Control row-level predictions were not retained, so paired McNemar statistics cannot be reconstructed.","Oracle-route targets were not retained; oracle exactness is an internally consistent producer receipt, not independently regenerated.","Family disjointness, custody counters, frozen-parent integrity, and total compiler/base parameter counts are producer receipts bound by immutable hashes, not reconstructed facts.","Reported probe metrics are schema-checked and aggregate-reconciled, but are not regenerated from board targets."],"metric_leaves_recounted":400,"minimum_cardinality_joint":0.018916156142950058,"preimage_sha256":"3747beac310a790791d02677a050aa2e370d0a4b6153b999cd89d4a013e8a6ca","recomputed_gates":{"all_hard_fields_and_pointers_alpha_exact":true,"confirmed_parent_unchanged":true,"events_and_halt_at_least_95pct":true,"family_split_exact_and_disjoint":true,"minimum_cardinality_joint_at_least_75pct":false,"oracle_route_identity_transport_is_exact":true,"packet_state_answer_joint_at_least_85pct":false,"parameter_certificate_exact_and_below_200m":true,"relation_rows_at_least_90pct":false,"train_only_and_zero_scored_split_reads":true,"witness_gain_over_same_seed_baseline_at_least_0_5pp":true,"witness_gain_over_shuffled_address_at_least_0_5pp":true,"witness_pointers_at_least_90pct":false},"schema":"r12_er_factorized_witness_route_artifact_audit_v1","seed":6769631927967421693,"source_commit":"4643d1a51defe53397f9bed481051621d85c0b11","source_manifest_sha256":"61c10b250dfaca8a3d2558b4afe25cfec86ad01919394c6cc9f8e35a732f9eeb","treatment_overall":{"answer":{"correct":6166,"rate":0.7707499861717224,"rows":8000},"events":{"correct":7999,"rate":0.999875009059906,"rows":8000},"packet":{"correct":2209,"rate":0.2761250138282776,"rows":8000},"relation_rows":{"correct":2239,"rate":0.2798750102519989,"rows":8000},"state":{"correct":4631,"rate":0.5788750052452087,"rows":8000},"witness_pointer":{"correct":2069,"rate":0.25862500071525574,"rows":8000}}}
