{
  "base_sha256": "211d6b2cddf0c2cf8b12cb0b2d73f9c4440d85f6f531018080c8afd35b2f66a6",
  "claim_boundary": "No-fit packet identity diagnostic only. No executor, confirmation, reasoning, or novelty claim.",
  "compiler_adapter_sha256": "05b99489c296abb0085be49417c207614ebd0f374a3b1b562d52c6370c5cec2a",
  "compiler_file_sha256": "747a559b827c6d114943c091b9dea5b4b90cef7af13aa5003b8435c092d24991",
  "confirmation_access": 0,
  "data_sha256": "e69fb70bddfb827a428c297352a72e45612ff3528a9fa107dec38c04189e1922",
  "entity_references": 4096,
  "methods": {
    "contextual_softmax": {
      "accuracy": 0.3203125,
      "by_surface": {
        "binding_twin": 0.298828125,
        "canonical": 0.341796875,
        "order_twin": 0.3154296875,
        "paraphrase": 0.3251953125
      },
      "correct": 1312,
      "total": 4096
    },
    "lexical_gold_span": {
      "accuracy": 1.0,
      "by_surface": {
        "binding_twin": 1.0,
        "canonical": 1.0,
        "order_twin": 1.0,
        "paraphrase": 1.0
      },
      "correct": 4096,
      "total": 4096
    },
    "lexical_sigmoid_span": {
      "accuracy": 0.99853515625,
      "by_surface": {
        "binding_twin": 0.998046875,
        "canonical": 0.998046875,
        "order_twin": 0.998046875,
        "paraphrase": 1.0
      },
      "correct": 4090,
      "total": 4096
    },
    "lexical_softmax": {
      "accuracy": 0.72412109375,
      "by_surface": {
        "binding_twin": 0.71875,
        "canonical": 0.740234375,
        "order_twin": 0.705078125,
        "paraphrase": 0.732421875
      },
      "correct": 2966,
      "total": 4096
    }
  },
  "report_sha256": "d481114232e438294bd1ea7f5b739f6068c2bf10fe02c1ee3c216c2e56aa3be3",
  "rows": 2048,
  "schema": "r12_referential_identity_packet_probe_v1",
  "split": "development_compositional",
  "tokenizer_sha256": "87532df5c121753de3b29194e1f9e3de47986d3f5359548fdf93606773a233d4"
}
